Sample ID,Diagnosis Age,Sex,Neoplasm Disease Stage American Joint Committee on Cancer Code,American Joint Committee on Cancer Tumor Stage Code,Neoplasm Disease Lymph Node Stage American Joint Committee on Cancer Code,American Joint Committee on Cancer Metastasis Stage Code,Aneuploidy Score,Mutation Count,Fraction Genome Altered,C_STAGE
TCGA-05-4244-01,70.0,Male,STAGE IV,T2,N2,M1,17.0,192.0,0.4565,IV
TCGA-05-4249-01,67.0,Male,STAGE IB,T2,N0,M0,24.0,300.0,0.2221,IB
TCGA-05-4250-01,79.0,Female,STAGE IIIA,T3,N1,M0,17.0,312.0,0.2362,IIIA
TCGA-05-4382-01,68.0,Male,STAGE IB,T2,N0,M0,22.0,1547.0,0.0854,IB
TCGA-05-4384-01,66.0,Male,STAGE IIIA,T2,N2,M0,1.0,117.0,0.0661,IIIA
TCGA-05-4389-01,70.0,Male,STAGE IA,T1,N0,M0,20.0,211.0,0.4579,IA
TCGA-05-4390-01,58.0,Female,STAGE IB,T2,N0,M0,21.0,517.0,0.3056,IB
TCGA-05-4395-01,76.0,Male,STAGE IIIB,T4,N2,M0,25.0,231.0,0.5598,IIIB
TCGA-05-4396-01,76.0,Male,STAGE IIIB,T4,N1,M0,11.0,1287.0,0.234,IIIB
TCGA-05-4397-01,65.0,Male,STAGE IIB,T2,N1,M0,7.0,749.0,0.2784,IIB
TCGA-05-4398-01,47.0,Female,STAGE IIIB,T4,N3,M0,23.0,665.0,0.3046,IIIB
TCGA-05-4402-01,57.0,Female,STAGE IV,T2,NX,M1,31.0,122.0,0.2949,IV
TCGA-05-4403-01,76.0,Male,STAGE IB,T2,N0,M0,1.0,125.0,0.0272,IB
TCGA-05-4405-01,74.0,Female,STAGE IB,T2,N0,M0,24.0,362.0,0.3903,IB
TCGA-05-4410-01,62.0,Male,STAGE IB,T2,N0,M0,18.0,1014.0,0.3183,IB
TCGA-05-4415-01,57.0,Male,STAGE IIIB,T4,N2,M0,20.0,187.0,0.1563,IIIB
TCGA-05-4417-01,51.0,Female,STAGE IB,T2,N0,M0,19.0,284.0,0.2699,IB
TCGA-05-4418-01,69.0,Male,STAGE IIIA,T3,N2,M0,6.0,245.0,0.1433,IIIA
TCGA-05-4420-01,41.0,Male,STAGE IB,T2,N0,M0,22.0,255.0,0.4499,IB
TCGA-05-4422-01,68.0,Male,STAGE IB,T2,N0,M0,7.0,39.0,0.2305,IB
TCGA-05-4424-01,70.0,Male,STAGE IIB,T3,N0,M0,19.0,673.0,0.2161,IIB
TCGA-05-4425-01,70.0,Female,STAGE IV,T2,N0,M1,10.0,40.0,0.2352,IV
TCGA-05-4426-01,71.0,Male,STAGE IB,T2,N0,M0,4.0,43.0,0.1445,IB
TCGA-05-4427-01,65.0,Female,STAGE IIB,T2,N1,M0,20.0,952.0,0.395,IIB
TCGA-05-4430-01,59.0,Female,STAGE IB,T2,N0,M0,20.0,261.0,0.0992,IB
TCGA-05-4432-01,66.0,Male,STAGE IIB,T2,N1,M0,21.0,535.0,0.4286,IIB
TCGA-05-4433-01,82.0,Male,STAGE IB,T2,N0,M0,6.0,32.0,0.1589,IB
TCGA-05-4434-01,67.0,Female,STAGE IV,T4,N1,M1,2.0,44.0,0.1237,IV
TCGA-05-5423-01,65.0,Male,STAGE IIB,T2,N1,M0,15.0,140.0,0.3749,IIB
TCGA-05-5425-01,68.0,Male,STAGE IIB,T2B,N1,M0,2.0,536.0,0.2551,IIB
TCGA-05-5428-01,57.0,Male,STAGE IIA,T1B,N1,M0,20.0,351.0,0.5655,IIA
TCGA-05-5429-01,60.0,Male,STAGE IIIA,T3,N2,M0,8.0,34.0,0.2466,IIIA
TCGA-05-5715-01,69.0,Female,STAGE IB,T2A,N0,M0,10.0,105.0,0.32,IB
TCGA-35-3615-01,57.0,Male,STAGE IB,T2,N0,M0,5.0,103.0,0.1795,IB
TCGA-35-4122-01,69.0,Male,STAGE IA,T1,N0,M0,23.0,293.0,0.0597,IA
TCGA-35-4123-01,38.0,Male,STAGE IA,T1,N0,M0,14.0,245.0,0.3119,IA
TCGA-35-5375-01,61.0,Male,STAGE IIIA,T2,N2,M0,26.0,387.0,0.5996,IIIA
TCGA-38-4625-01,66.0,Female,STAGE IB,T2A,N0,M0,16.0,540.0,0.5261,IB
TCGA-38-4626-01,57.0,Female,STAGE IIA,T2B,N0,M0,2.0,238.0,0.019,IIA
TCGA-38-4627-01,64.0,Female,STAGE IIA,T1B,N1,M0,9.0,29.0,0.0002,IIA
TCGA-38-4628-01,65.0,Female,STAGE IIB,T2,N1,M0,24.0,112.0,0.4864,IIB
TCGA-38-4631-01,72.0,Female,STAGE IB,T2,N0,M0,20.0,689.0,0.4032,IB
TCGA-38-4632-01,42.0,Male,STAGE IV,T2,N1,M1,23.0,497.0,0.4325,IV
TCGA-38-6178-01,70.0,Female,STAGE IIIA,T2B,N2,,22.0,65.0,0.3904,IIIA
TCGA-38-7271-01,72.0,Female,STAGE IA,T1,N0,M0,2.0,87.0,0.0439,IA
TCGA-38-A44F-01,80.0,Male,STAGE IB,T2A,N0,M0,1.0,11.0,0.0,IB
TCGA-44-2655-01,65.0,Female,STAGE IA,T1,N0,M0,4.0,164.0,0.0648,IA
TCGA-44-2656-01,59.0,Male,STAGE IB,T2,N0,M0,19.0,765.0,,IB
TCGA-44-2657-01,74.0,Female,STAGE IB,T2,NX,M0,10.0,366.0,0.0447,IB
TCGA-44-2659-01,65.0,Female,STAGE IIB,T1,N1,M0,25.0,395.0,0.2823,IIB
TCGA-44-2662-01,65.0,Male,STAGE IB,T2,N0,M0,24.0,189.0,,IB
TCGA-44-2665-01,55.0,Female,STAGE IIB,T2,N1,M0,7.0,43.0,,IIB
TCGA-44-2666-01,43.0,Male,STAGE IB,T2,N0,M0,2.0,37.0,,IB
TCGA-44-2668-01,51.0,Male,STAGE IB,T2,N0,M0,11.0,318.0,,IB
TCGA-44-3396-01,74.0,Female,STAGE IIIA,T2,N2,M0,6.0,184.0,0.0548,IIIA
TCGA-44-3398-01,77.0,Female,STAGE IA,T1B,N0,M0,2.0,173.0,0.0012,IA
TCGA-44-3917-01,33.0,Female,STAGE IB,T2,N0,M0,19.0,199.0,,IB
TCGA-44-3918-01,60.0,Female,STAGE IA,T1,N0,M0,12.0,881.0,,IA
TCGA-44-3919-01,71.0,Female,STAGE IA,T1,N0,M0,6.0,51.0,0.1658,IA
TCGA-44-4112-01,60.0,Female,STAGE IB,T2A,N0,M0,6.0,434.0,,IB
TCGA-44-5643-01,53.0,Male,STAGE IIIA,T2B,N2,M0,19.0,114.0,0.5689,IIIA
TCGA-44-5644-01,51.0,Female,STAGE IB,T2A,N0,,16.0,907.0,0.6632,IB
TCGA-44-5645-01,61.0,Female,STAGE IA,T1,NX,,10.0,36.0,,IA
TCGA-44-6144-01,58.0,Male,STAGE IA,T1A,N0,M0,8.0,196.0,0.3806,IA
TCGA-44-6145-01,62.0,Female,STAGE IA,T1,N0,M0,16.0,299.0,0.027,IA
TCGA-44-6146-01,64.0,Male,STAGE IIB,T3,N0,M0,5.0,38.0,,IIB
TCGA-44-6148-01,60.0,Male,STAGE IA,T1B,N0,M0,2.0,7.0,0.0276,IA
TCGA-44-6774-01,56.0,Female,STAGE IIIA,T1,N2,M0,4.0,276.0,0.203,IIIA
TCGA-44-6775-01,72.0,Female,STAGE IB,T2A,N0,MX,26.0,60.0,,IB
TCGA-44-6776-01,60.0,Female,STAGE IA,T1,N0,MX,4.0,187.0,0.1665,IA
TCGA-44-6777-01,85.0,Female,STAGE IB,T2,NX,MX,19.0,351.0,0.1046,IB
TCGA-44-6778-01,59.0,Male,STAGE IA,T1,N0,MX,25.0,358.0,0.3992,IA
TCGA-44-6779-01,50.0,Female,STAGE IIB,T2,N1,MX,17.0,91.0,0.5993,IIB
TCGA-44-7659-01,70.0,Male,STAGE IA,T1B,N0,MX,4.0,139.0,0.1598,IA
TCGA-44-7660-01,72.0,Male,STAGE IB,T2,N0,MX,25.0,336.0,0.6653,IB
TCGA-44-7661-01,69.0,Female,STAGE IB,T2A,N0,M0,5.0,276.0,0.0147,IB
TCGA-44-7662-01,61.0,Male,STAGE IB,T2A,N0,MX,25.0,541.0,0.2739,IB
TCGA-44-7667-01,49.0,Female,STAGE IIB,T3,N0,MX,23.0,428.0,0.3866,IIB
TCGA-44-7669-01,59.0,Male,STAGE IIA,T1B,N1,MX,22.0,422.0,0.4144,IIA
TCGA-44-7670-01,47.0,Female,STAGE IIA,T1B,N1,M0,27.0,1014.0,0.6345,IIA
TCGA-44-7671-01,64.0,Male,STAGE IB,T2A,N0,M0,16.0,200.0,0.3154,IB
TCGA-44-7672-01,52.0,Female,STAGE IA,T1B,N0,M0,22.0,156.0,0.0681,IA
TCGA-44-8117-01,54.0,Female,STAGE IB,T2A,N0,M0,20.0,678.0,0.6349,IB
TCGA-44-8119-01,73.0,Male,STAGE IIB,T3,N0,M0,25.0,579.0,0.4008,IIB
TCGA-44-8120-01,58.0,Male,STAGE IB,T2A,N0,M0,13.0,543.0,0.3716,IB
TCGA-44-A479-01,73.0,Female,STAGE IB,T2,N0,MX,8.0,279.0,0.0803,IB
TCGA-44-A47A-01,78.0,Female,STAGE IB,T2A,N0,MX,23.0,210.0,0.1272,IB
TCGA-44-A47B-01,79.0,Male,STAGE IB,T2A,N0,M0,18.0,39.0,0.3063,IB
TCGA-44-A47F-01,74.0,Male,STAGE IIB,T2B,N1,M0,27.0,78.0,0.3026,IIB
TCGA-44-A47G-01,73.0,Female,STAGE IA,T1,N0,M0,3.0,78.0,0.0003,IA
TCGA-44-A4SS-01,73.0,Male,STAGE IA,T1B,N0,M0,16.0,443.0,0.0109,IA
TCGA-44-A4SU-01,67.0,Female,STAGE IA,T1A,N0,MX,12.0,133.0,0.3113,IA
TCGA-49-4486-01,72.0,Male,STAGE IA,T1,N0,M0,2.0,142.0,0.1116,IA
TCGA-49-4487-01,72.0,Female,STAGE IA,T1,N0,M0,27.0,345.0,0.1177,IA
TCGA-49-4488-01,74.0,Female,STAGE IA,T1,N0,MX,25.0,271.0,0.4138,IA
TCGA-49-4490-01,45.0,Female,STAGE IIIA,T3,N2,M0,29.0,48.0,0.2916,IIIA
TCGA-49-4494-01,77.0,Male,STAGE IIIA,T3,N2,M0,3.0,171.0,0.1473,IIIA
TCGA-49-4501-01,67.0,Female,STAGE IB,T2,N0,M0,19.0,47.0,0.3168,IB
TCGA-49-4505-01,61.0,Female,STAGE IIB,T2,N1,M0,21.0,188.0,0.473,IIB
TCGA-49-4506-01,68.0,Female,STAGE IIB,T2,N1,M0,20.0,117.0,0.0386,IIB
TCGA-49-4507-01,73.0,Female,STAGE IIIA,T3,N1,M0,12.0,184.0,0.2054,IIIA
TCGA-49-4510-01,51.0,Female,STAGE IIB,T2,N1,M0,23.0,56.0,0.4297,IIB
TCGA-49-4512-01,69.0,Female,STAGE IIIA,T2,N2,MX,31.0,41.0,0.3116,IIIA
TCGA-49-4514-01,79.0,Female,STAGE IA,T1,N0,M0,8.0,293.0,0.2725,IA
TCGA-49-6742-01,70.0,Male,STAGE IIA,T2A,N1,M0,19.0,237.0,0.1343,IIA
TCGA-49-6743-01,81.0,Female,STAGE IIIA,T1,N2,MX,23.0,690.0,0.1102,IIIA
TCGA-49-6744-01,64.0,Female,STAGE IIA,T2A,N1,MX,5.0,222.0,0.0901,IIA
TCGA-49-6745-01,82.0,Male,STAGE IIIA,T2A,N2,M0,10.0,128.0,0.0919,IIIA
TCGA-49-6761-01,68.0,Female,STAGE IIIA,T1,N2,MX,16.0,281.0,0.1291,IIIA
TCGA-49-6767-01,46.0,Female,STAGE IIB,T3,N0,MX,23.0,423.0,0.335,IIB
TCGA-49-AAQV-01,63.0,Female,STAGE II,T1,N1,MX,10.0,67.0,0.1747,II
TCGA-49-AAR0-01,57.0,Male,STAGE IA,T1,N0,MX,15.0,121.0,0.1428,IA
TCGA-49-AAR2-01,64.0,Male,STAGE IB,T2,N0,MX,9.0,364.0,0.2466,IB
TCGA-49-AAR3-01,69.0,Male,STAGE IIB,T2,N1,MX,10.0,127.0,0.0086,IIB
TCGA-49-AAR4-01,51.0,Male,STAGE IIIA,T2,N2,MX,8.0,534.0,0.0166,IIIA
TCGA-49-AAR9-01,61.0,Male,STAGE IIB,T3,N0,MX,11.0,564.0,0.4853,IIB
TCGA-49-AARE-01,51.0,Female,STAGE IA,T1,N0,MX,19.0,1194.0,0.2988,IA
TCGA-49-AARN-01,56.0,Female,STAGE IA,T1,N0,MX,7.0,690.0,0.1842,IA
TCGA-49-AARO-01,39.0,Female,STAGE IA,T1A,N0,MX,21.0,541.0,0.1686,IA
TCGA-49-AARQ-01,41.0,Female,STAGE I,T2,N0,MX,17.0,639.0,0.3585,I
TCGA-49-AARR-01,68.0,Male,STAGE IA,T1,N0,MX,0.0,2.0,0.0001,IA
TCGA-4B-A93V-01,52.0,Female,STAGE IA,T1B,N0,M0,26.0,122.0,0.4531,IA
TCGA-50-5044-01,72.0,Female,STAGE IIIB,T4,N1,M0,1.0,122.0,0.0003,IIIB
TCGA-50-5045-01,57.0,Female,STAGE IA,T2,N1,M0,3.0,294.0,0.085,IA
TCGA-50-5049-01,70.0,Male,STAGE IA,T2,N0,M0,15.0,745.0,0.0468,IA
TCGA-50-5051-01,42.0,Female,STAGE IIIA,T2,N2,M0,22.0,103.0,0.5353,IIIA
TCGA-50-5055-01,79.0,Female,STAGE IIA,T1,N1,M0,1.0,21.0,0.0342,IIA
TCGA-50-5066-01,72.0,Male,STAGE IB,T2,N0,M0,11.0,264.0,0.0599,IB
TCGA-50-5068-01,59.0,Female,STAGE IIB,T2,N1,MX,32.0,85.0,0.0115,IIB
TCGA-50-5072-01,74.0,Male,STAGE IIIA,T2,N2,M0,27.0,155.0,0.1721,IIIA
TCGA-50-5930-01,47.0,Male,STAGE IIIA,T2,N2,M0,2.0,1030.0,0.1503,IIIA
TCGA-50-5931-01,75.0,Female,STAGE IB,T2,N0,M0,12.0,276.0,0.4539,IB
TCGA-50-5932-01,75.0,Male,STAGE IIB,T2,N1,M0,11.0,70.0,0.3516,IIB
TCGA-50-5933-01,72.0,Male,STAGE IIIB,T4,N2,M0,24.0,495.0,0.1504,IIIB
TCGA-50-5935-01,86.0,Female,STAGE IA,T1,N0,M0,21.0,90.0,0.4163,IA
TCGA-50-5936-01,58.0,Male,STAGE IIIA,T2,N2,M0,14.0,106.0,0.3737,IIIA
TCGA-50-5939-01,85.0,Male,STAGE IB,T2,N0,M0,7.0,74.0,0.0732,IB
TCGA-50-5941-01,55.0,Female,STAGE IIIA,T2A,N2,M0,32.0,366.0,0.1134,IIIA
TCGA-50-5942-01,67.0,Female,STAGE IA,T1,N0,M0,2.0,59.0,0.0483,IA
TCGA-50-5944-01,69.0,Female,STAGE IA,T1,N0,M0,17.0,54.0,0.406,IA
TCGA-50-5946-01,62.0,Male,STAGE IA,T1,N0,MX,21.0,584.0,0.5612,IA
TCGA-50-6590-01,72.0,Female,STAGE IB,T2,N0,M0,19.0,827.0,0.1035,IB
TCGA-50-6591-01,63.0,Female,STAGE IV,T2,N0,M1,28.0,55.0,0.5794,IV
TCGA-50-6592-01,71.0,Female,STAGE IB,T2,N0,M0,14.0,267.0,0.0987,IB
TCGA-50-6593-01,49.0,Female,STAGE IIIA,T1,N2,M0,29.0,287.0,0.209,IIIA
TCGA-50-6594-01,79.0,Female,STAGE IIIA,T3,N2,M0,17.0,488.0,0.4787,IIIA
TCGA-50-6595-01,74.0,Female,STAGE IIIA,T2,N2,M0,12.0,98.0,0.0248,IIIA
TCGA-50-6597-01,79.0,Female,STAGE IB,T2,N0,M0,15.0,51.0,0.267,IB
TCGA-50-6673-01,84.0,Female,STAGE I,T1,N0,M0,18.0,83.0,0.2202,I
TCGA-50-7109-01,60.0,Male,STAGE IA,T1,N0,M0,21.0,233.0,0.5497,IA
TCGA-50-8457-01,63.0,Female,STAGE IA,T1A,N0,M0,3.0,53.0,0.0581,IA
TCGA-50-8459-01,68.0,Male,STAGE IIB,T3,N0,M0,4.0,76.0,0.0065,IIB
TCGA-50-8460-01,74.0,Male,STAGE IA,T1A,N0,M0,8.0,31.0,0.2005,IA
TCGA-53-7624-01,40.0,Female,STAGE IV,T2,N0,M1,18.0,743.0,0.6673,IV
TCGA-53-7626-01,76.0,Female,STAGE IIA,T1,N1,M0,10.0,1048.0,0.2535,IIA
TCGA-53-7813-01,51.0,Female,STAGE IIIB,T4,N0,M0,20.0,149.0,0.2515,IIIB
TCGA-53-A4EZ-01,63.0,Male,STAGE IIA,T2A,N1,MX,23.0,453.0,0.6586,IIA
TCGA-55-1592-01,65.0,Male,STAGE IA,T2,N0,M0,22.0,487.0,0.5835,IA
TCGA-55-1594-01,68.0,Male,STAGE IIIA,T2,N2,M0,23.0,169.0,0.6566,IIIA
TCGA-55-1595-01,74.0,Female,STAGE IA,T1,N0,M0,25.0,297.0,0.6128,IA
TCGA-55-1596-01,55.0,Male,STAGE IIB,T2,N1,M0,28.0,178.0,0.7496,IIB
TCGA-55-5899-01,58.0,Male,STAGE IA,T1A,N1,M0,19.0,386.0,0.6014,IA
TCGA-55-6543-01,60.0,Female,STAGE IA,T1B,N0,MX,10.0,23.0,0.2923,IA
TCGA-55-6642-01,63.0,Male,STAGE IB,T2,N0,MX,15.0,122.0,0.1444,IB
TCGA-55-6712-01,71.0,Male,STAGE IIA,T2A,N1,MX,21.0,129.0,0.3129,IIA
TCGA-55-6968-01,61.0,Male,STAGE IV,T1,N0,M1,12.0,460.0,0.3815,IV
TCGA-55-6969-01,52.0,Male,STAGE IB,T2,N0,M0,24.0,427.0,0.0772,IB
TCGA-55-6970-01,67.0,Female,STAGE IIIA,T2,N2,MX,13.0,175.0,0.2406,IIIA
TCGA-55-6971-01,59.0,Female,STAGE IB,T2,N0,MX,22.0,202.0,0.0622,IB
TCGA-55-6972-01,72.0,Male,STAGE IB,T2,N0,M0,18.0,265.0,0.4609,IB
TCGA-55-6975-01,61.0,Male,STAGE IIB,T2,N1,M0,13.0,85.0,0.196,IIB
TCGA-55-6978-01,81.0,Male,STAGE IIA,T2B,N0,MX,4.0,54.0,0.0102,IIA
TCGA-55-6979-01,59.0,Female,STAGE IIB,T2,N1,M0,13.0,535.0,0.0568,IIB
TCGA-55-6980-01,56.0,Male,STAGE IA,T1,N0,M0,15.0,30.0,0.1855,IA
TCGA-55-6981-01,53.0,Female,STAGE IIIA,T1,N2,M0,24.0,203.0,0.2902,IIIA
TCGA-55-6982-01,79.0,Female,STAGE IIB,T2,N1,M0,22.0,214.0,0.0799,IIB
TCGA-55-6983-01,81.0,Male,STAGE IIB,T2,N1,M0,6.0,105.0,0.0996,IIB
TCGA-55-6984-01,71.0,Female,STAGE IIB,T2,N1,M0,6.0,32.0,0.1609,IIB
TCGA-55-6985-01,58.0,Female,STAGE IB,T2,N0,MX,13.0,438.0,0.2,IB
TCGA-55-6986-01,74.0,Female,STAGE IB,T2,N0,M0,0.0,23.0,0.041,IB
TCGA-55-6987-01,77.0,Male,STAGE IA,T1,N0,M0,7.0,214.0,0.0706,IA
TCGA-55-7227-01,77.0,Male,STAGE IIIA,T3,N1,MX,,150.0,,IIIA
TCGA-55-7281-01,70.0,Female,STAGE IA,T1B,N0,M0,18.0,438.0,0.4215,IA
TCGA-55-7283-01,76.0,Female,STAGE IIIA,T3,N2,MX,18.0,209.0,0.2525,IIIA
TCGA-55-7284-01,74.0,Male,STAGE IIB,T3,N0,MX,10.0,40.0,0.0259,IIB
TCGA-55-7570-01,60.0,Male,STAGE IA,T1A,N0,MX,10.0,354.0,0.2514,IA
TCGA-55-7573-01,72.0,Female,STAGE IA,T1B,N0,MX,16.0,50.0,0.3445,IA
TCGA-55-7574-01,64.0,Female,STAGE IB,T2A,N0,M0,11.0,247.0,0.0385,IB
TCGA-55-7576-01,54.0,Male,STAGE IB,T2A,N0,M0,19.0,371.0,0.4404,IB
TCGA-55-7724-01,76.0,Female,STAGE IB,T2A,N0,MX,11.0,214.0,0.019,IB
TCGA-55-7725-01,68.0,Female,STAGE IA,T1A,N0,MX,6.0,116.0,0.1388,IA
TCGA-55-7726-01,72.0,Female,STAGE IA,T1B,N0,MX,23.0,110.0,0.2587,IA
TCGA-55-7727-01,70.0,Male,STAGE IIIA,T1A,N2,MX,12.0,221.0,0.2006,IIIA
TCGA-55-7728-01,64.0,Female,STAGE IB,T2A,N0,MX,1.0,87.0,0.059,IB
TCGA-55-7815-01,76.0,Male,STAGE IB,T2A,N0,MX,25.0,126.0,0.1318,IB
TCGA-55-7816-01,49.0,Female,STAGE IV,TX,NX,MX,,2.0,,IV
TCGA-55-7903-01,64.0,Male,STAGE IA,T1B,N0,MX,7.0,142.0,0.2587,IA
TCGA-55-7907-01,77.0,Male,STAGE IIA,T2A,N1,MX,24.0,1067.0,0.3482,IIA
TCGA-55-7910-01,50.0,Female,STAGE IIA,T2B,N0,M0,20.0,287.0,0.5284,IIA
TCGA-55-7911-01,70.0,Female,STAGE IA,T1A,N0,MX,14.0,211.0,0.0964,IA
TCGA-55-7913-01,61.0,Female,STAGE IA,T1B,N0,MX,19.0,310.0,0.2153,IA
TCGA-55-7914-01,71.0,Female,STAGE IIA,T1B,N1,MX,9.0,161.0,0.255,IIA
TCGA-55-7994-01,81.0,Male,STAGE IIB,T3,N0,MX,16.0,1390.0,0.5861,IIB
TCGA-55-7995-01,73.0,Female,STAGE IA,T1B,N0,M0,23.0,606.0,0.3208,IA
TCGA-55-8085-01,64.0,Male,STAGE IA,T1B,N0,M0,6.0,224.0,0.2779,IA
TCGA-55-8087-01,59.0,Female,STAGE IB,T2A,N0,MX,5.0,34.0,0.0996,IB
TCGA-55-8089-01,56.0,Male,STAGE IA,T1A,N0,M0,11.0,1096.0,0.0325,IA
TCGA-55-8090-01,80.0,Male,STAGE IA,T1A,N0,M0,14.0,77.0,0.0643,IA
TCGA-55-8091-01,74.0,Male,STAGE IB,T2,N0,MX,13.0,30.0,0.4845,IB
TCGA-55-8092-01,75.0,Male,STAGE IIB,T3,N0,MX,16.0,493.0,0.3084,IIB
TCGA-55-8094-01,51.0,Male,STAGE IV,T2B,N0,M1B,18.0,394.0,0.6613,IV
TCGA-55-8096-01,67.0,Female,STAGE IB,T2A,N0,MX,24.0,132.0,0.0908,IB
TCGA-55-8097-01,60.0,Female,STAGE IA,T1A,N0,MX,6.0,100.0,0.2133,IA
TCGA-55-8203-01,69.0,Female,STAGE IA,T1B,N0,M0,20.0,386.0,0.2835,IA
TCGA-55-8204-01,87.0,Female,STAGE IB,T2A,N0,MX,10.0,193.0,0.2783,IB
TCGA-55-8205-01,76.0,Female,STAGE IIA,T2B,N0,M0,22.0,474.0,0.1046,IIA
TCGA-55-8206-01,56.0,Male,STAGE IA,T1B,N0,M0,20.0,27.0,0.1614,IA
TCGA-55-8207-01,73.0,Male,STAGE IB,T2A,N0,MX,15.0,277.0,0.4614,IB
TCGA-55-8208-01,73.0,Female,STAGE IA,T1B,N0,M0,9.0,318.0,0.0439,IA
TCGA-55-8299-01,61.0,Female,STAGE IA,T1B,N0,MX,,195.0,0.0,IA
TCGA-55-8301-01,58.0,Male,STAGE IB,T2A,N0,MX,8.0,262.0,0.0758,IB
TCGA-55-8302-01,54.0,Male,STAGE IB,T2,N0,MX,12.0,613.0,0.1708,IB
TCGA-55-8505-01,62.0,Male,STAGE IIIA,T1A,N2,MX,6.0,27.0,0.0096,IIIA
TCGA-55-8506-01,62.0,Female,STAGE IIB,T3,N0,MX,13.0,1582.0,0.3267,IIB
TCGA-55-8507-01,53.0,Male,STAGE IA,T1A,N0,MX,22.0,874.0,0.5642,IA
TCGA-55-8508-01,60.0,Female,STAGE IIA,T2A,N1,MX,13.0,165.0,0.1802,IIA
TCGA-55-8510-01,55.0,Female,STAGE IB,T2A,N0,MX,25.0,273.0,0.1246,IB
TCGA-55-8511-01,73.0,Female,STAGE IB,T2A,N0,MX,20.0,511.0,0.1225,IB
TCGA-55-8512-01,41.0,Male,STAGE IV,T1A,N1,M1B,9.0,35.0,0.1895,IV
TCGA-55-8513-01,77.0,Female,STAGE IIB,T3,N0,MX,0.0,5.0,0.0,IIB
TCGA-55-8514-01,70.0,Female,STAGE IB,T2A,N0,MX,26.0,249.0,0.8013,IB
TCGA-55-8614-01,76.0,Male,STAGE IB,T2A,N0,MX,23.0,202.0,0.332,IB
TCGA-55-8615-01,67.0,Male,STAGE IIIA,T3,N2,MX,23.0,99.0,0.6786,IIIA
TCGA-55-8616-01,58.0,Female,STAGE IB,T2A,N0,M0,22.0,431.0,0.3848,IB
TCGA-55-8619-01,72.0,Female,STAGE IIB,T3,N0,MX,1.0,20.0,0.0,IIB
TCGA-55-8620-01,60.0,Male,STAGE IV,T1A,N1,M1B,15.0,437.0,0.3493,IV
TCGA-55-8621-01,75.0,Female,STAGE IA,T1A,N0,MX,1.0,68.0,0.0,IA
TCGA-55-A48X-01,63.0,Female,STAGE IIA,T1B,N1,M0,13.0,364.0,0.0066,IIA
TCGA-55-A48Y-01,69.0,Male,STAGE IIA,T2B,N0,M0,6.0,313.0,0.1886,IIA
TCGA-55-A48Z-01,60.0,Female,STAGE IIIB,T1A,N3,MX,17.0,44.0,0.3205,IIIB
TCGA-55-A490-01,78.0,Male,STAGE IIA,T2B,N0,MX,18.0,1191.0,0.5419,IIA
TCGA-55-A491-01,81.0,Female,STAGE IA,T1B,N0,MX,26.0,334.0,0.477,IA
TCGA-55-A492-01,70.0,Female,STAGE IA,T1A,N0,MX,12.0,261.0,0.2069,IA
TCGA-55-A493-01,54.0,Female,STAGE IB,T2A,N0,M0,16.0,237.0,0.0981,IB
TCGA-55-A494-01,61.0,Female,STAGE IB,T2A,N0,MX,28.0,212.0,0.3316,IB
TCGA-55-A4DF-01,88.0,Male,STAGE IA,T1B,N0,MX,13.0,676.0,0.3667,IA
TCGA-55-A4DG-01,71.0,Male,STAGE IA,T1B,N0,MX,22.0,625.0,0.4264,IA
TCGA-55-A57B-01,80.0,Female,STAGE IA,T1B,N0,M0,21.0,39.0,0.215,IA
TCGA-62-8394-01,65.0,Female,STAGE IIIB,T4,N2,M0,17.0,117.0,0.4188,IIIB
TCGA-62-8395-01,80.0,Female,STAGE IIB,T3,N0,M0,6.0,73.0,0.2137,IIB
TCGA-62-8397-01,70.0,Female,STAGE IIB,T3,N0,M0,23.0,24.0,0.2308,IIB
TCGA-62-8398-01,55.0,Male,STAGE IIIA,T2,N2,M0,24.0,74.0,0.3034,IIIA
TCGA-62-8399-01,62.0,Male,STAGE IIIA,T2,N2,M0,13.0,466.0,0.4884,IIIA
TCGA-62-8402-01,73.0,Female,STAGE IIIA,T2,N2,M0,31.0,41.0,0.3729,IIIA
TCGA-62-A46O-01,65.0,Female,STAGE IB,T2,N0,M0,14.0,798.0,0.6086,IB
TCGA-62-A46P-01,65.0,Male,STAGE IB,T2,N0,M0,6.0,249.0,0.225,IB
TCGA-62-A46R-01,54.0,Female,STAGE IB,T2,N0,M0,24.0,170.0,0.3944,IB
TCGA-62-A46S-01,73.0,Male,STAGE IB,T2,N0,M0,17.0,106.0,0.2331,IB
TCGA-62-A46U-01,71.0,Female,STAGE IIB,T2,N1,M0,16.0,40.0,0.1571,IIB
TCGA-62-A46V-01,78.0,Female,STAGE IB,T2,N0,M0,6.0,54.0,0.292,IB
TCGA-62-A46Y-01,70.0,Female,STAGE IIIA,T2,N2,M0,6.0,35.0,0.1431,IIIA
TCGA-62-A470-01,84.0,Male,STAGE IB,T2,N0,M0,23.0,105.0,0.5991,IB
TCGA-62-A471-01,64.0,Male,STAGE IIB,T2B,N1,M0,24.0,90.0,0.4409,IIB
TCGA-62-A472-01,70.0,Male,STAGE IIB,T3,N0,M0,21.0,53.0,0.2944,IIB
TCGA-64-1676-01,58.0,Male,STAGE IA,T1A,N0,M0,16.0,530.0,0.5188,IA
TCGA-64-1677-01,77.0,Female,STAGE IIIA,T2,N2,M0,21.0,195.0,0.1277,IIIA
TCGA-64-1678-01,70.0,Female,STAGE IIA,T2B,N0,M0,12.0,,0.5476,IIA
TCGA-64-1679-01,58.0,Female,STAGE IIIA,T1,N2,M0,25.0,480.0,0.1979,IIIA
TCGA-64-1680-01,63.0,Male,STAGE IV,T2A,N2,M1,18.0,54.0,0.3404,IV
TCGA-64-1681-01,61.0,Female,STAGE IA,T1,N0,M0,26.0,77.0,0.3458,IA
TCGA-64-5774-01,60.0,Male,STAGE IB,T2,N0,M0,19.0,123.0,0.6034,IB
TCGA-64-5775-01,71.0,Male,STAGE IIIA,T4,N0,M0,14.0,434.0,0.3238,IIIA
TCGA-64-5778-01,60.0,Male,STAGE IB,T2,N0,M0,10.0,420.0,0.3264,IB
TCGA-64-5779-01,61.0,Male,STAGE IIIA,T2,N2,M0,19.0,325.0,0.6682,IIIA
TCGA-64-5781-01,55.0,Female,STAGE IB,T2,N0,M0,11.0,1022.0,0.1808,IB
TCGA-64-5815-01,74.0,Male,STAGE IIB,T2,N1,M0,8.0,147.0,0.185,IIB
TCGA-67-3770-01,70.0,Female,STAGE IA,T1,N0,M0,16.0,187.0,0.3918,IA
TCGA-67-3771-01,77.0,Female,STAGE IA,T1,N0,M0,21.0,948.0,0.6308,IA
TCGA-67-3772-01,82.0,Female,STAGE IB,T2,N0,M0,10.0,59.0,0.3283,IB
TCGA-67-3773-01,84.0,Female,STAGE IB,T2,N0,M0,5.0,95.0,0.1224,IB
TCGA-67-3774-01,73.0,Female,STAGE IB,T2,N0,M0,7.0,95.0,0.2154,IB
TCGA-67-6215-01,52.0,Female,STAGE IB,T2A,N0,M0,7.0,103.0,0.2122,IB
TCGA-67-6216-01,57.0,Female,STAGE IA,T1A,N0,M0,2.0,40.0,0.0855,IA
TCGA-67-6217-01,73.0,Female,STAGE IIA,T2A,N1,M0,22.0,177.0,0.4314,IIA
TCGA-69-7760-01,73.0,Male,STAGE IIB,T3,N0,M0,20.0,63.0,0.5582,IIB
TCGA-69-7761-01,84.0,Male,STAGE IB,T2A,N0,MX,15.0,29.0,0.0782,IB
TCGA-69-7763-01,69.0,Male,STAGE IA,T1B,N0,M0,24.0,65.0,0.1675,IA
TCGA-69-7764-01,75.0,Male,STAGE IA,T1B,N0,M0,8.0,81.0,0.4944,IA
TCGA-69-7765-01,56.0,Male,STAGE IV,T4,N0,MX,9.0,547.0,0.1408,IV
TCGA-69-7973-01,42.0,Female,STAGE IB,T2A,N0,M0,23.0,240.0,0.4716,IB
TCGA-69-7974-01,54.0,Female,STAGE IIIA,T2A,N2,MX,21.0,482.0,0.1959,IIIA
TCGA-69-7978-01,59.0,Male,STAGE IIB,T2B,N1,MX,16.0,542.0,0.0369,IIB
TCGA-69-7979-01,71.0,Female,STAGE IB,T2A,N0,MX,23.0,1322.0,0.6272,IB
TCGA-69-7980-01,70.0,Female,STAGE I,T1B,N0,M0,22.0,736.0,0.4262,I
TCGA-69-8253-01,59.0,Female,STAGE IIA,T1A,N1,MX,16.0,133.0,0.2314,IIA
TCGA-69-8255-01,71.0,Male,STAGE IA,T1A,N0,M0,20.0,270.0,0.4081,IA
TCGA-69-8453-01,77.0,Male,STAGE IIB,T3,N0,MX,6.0,,0.1046,IIB
TCGA-69-A59K-01,60.0,Female,STAGE IIB,T3,N0,M0,,439.0,0.4943,IIB
TCGA-71-6725-01,48.0,Female,STAGE IB,T2,N0,M0,21.0,51.0,0.6934,IB
TCGA-71-8520-01,60.0,Female,STAGE IB,T2,N0,M0,,80.0,,IB
TCGA-73-4658-01,80.0,Female,STAGE IB,T2,N0,M0,8.0,322.0,0.0648,IB
TCGA-73-4659-01,66.0,Male,STAGE IIIA,T2,N2,M0,24.0,192.0,0.249,IIIA
TCGA-73-4662-01,65.0,Female,STAGE IA,T1,N0,M0,14.0,205.0,0.4929,IA
TCGA-73-4666-01,52.0,Female,STAGE IV,T1,N0,M1,22.0,342.0,0.3709,IV
TCGA-73-4668-01,66.0,Female,STAGE IIB,T2,N1,M0,24.0,485.0,0.499,IIB
TCGA-73-4670-01,69.0,Female,STAGE IV,T2,N0,M1,26.0,330.0,0.6786,IV
TCGA-73-4675-01,59.0,Male,STAGE IIIA,T3,N1,M0,24.0,63.0,0.259,IIIA
TCGA-73-4676-01,45.0,Male,STAGE IIA,T2A,N1,M0,9.0,85.0,0.2108,IIA
TCGA-73-4677-01,74.0,Male,STAGE IA,T2A,N0,M0,14.0,224.0,0.1813,IA
TCGA-73-7498-01,58.0,Female,STAGE IA,T1B,N0,M0,7.0,99.0,0.1769,IA
TCGA-73-7499-01,81.0,Female,STAGE IB,T2A,N0,M0,23.0,65.0,0.5723,IB
TCGA-73-A9RS-01,41.0,Male,STAGE IIB,T3,N0,M0,18.0,844.0,0.6599,IIB
TCGA-75-5122-01,,Male,STAGE IB,T2,N0,M0,9.0,120.0,0.0707,IB
TCGA-75-5125-01,,Male,STAGE IIB,T2,N1,M0,20.0,164.0,0.3035,IIB
TCGA-75-5126-01,,Female,STAGE IIIA,T3,N2,M0,7.0,584.0,0.0549,IIIA
TCGA-75-5146-01,,Male,STAGE IB,T2,N0,M0,9.0,168.0,0.3219,IB
TCGA-75-5147-01,,Female,STAGE IB,T2,N0,M0,15.0,39.0,0.414,IB
TCGA-75-6203-01,,Female,STAGE IIIA,T2,N2,M0,10.0,11.0,0.0169,IIIA
TCGA-75-6205-01,,Female,STAGE IB,T2A,N0,M0,24.0,47.0,0.1084,IB
TCGA-75-6206-01,,Male,STAGE IB,T2,N0,M0,16.0,81.0,0.4203,IB
TCGA-75-6207-01,,Male,STAGE IIIA,T2,N2,M0,11.0,60.0,0.3714,IIIA
TCGA-75-6211-01,,Female,STAGE IB,T2,N0,M0,17.0,341.0,0.5311,IB
TCGA-75-6212-01,,Female,STAGE IIB,T2,N1,M0,19.0,20.0,0.2365,IIB
TCGA-75-6214-01,,Female,STAGE IIIA,T2,N2,M0,21.0,642.0,0.519,IIIA
TCGA-75-7025-01,,Male,STAGE IB,T2,N0,M0,19.0,31.0,0.2153,IB
TCGA-75-7027-01,,Male,STAGE IB,T2,N0,M0,23.0,213.0,0.657,IB
TCGA-75-7030-01,,Male,STAGE IIB,T3,N0,M0,,15.0,0.0,IIB
TCGA-75-7031-01,,Female,STAGE IB,T2,N0,M0,18.0,186.0,0.3691,IB
TCGA-78-7143-01,62.0,Female,STAGE IB,T2,N0,M0,26.0,,0.1974,IB
TCGA-78-7145-01,52.0,Female,STAGE IV,T4,N1,M1,20.0,185.0,0.5585,IV
TCGA-78-7146-01,71.0,Female,STAGE IIIA,T2,N2,M0,17.0,347.0,0.5733,IIIA
TCGA-78-7147-01,67.0,Female,STAGE IIB,T2,N1,M0,21.0,305.0,0.5989,IIB
TCGA-78-7148-01,71.0,Male,STAGE IIB,T2,N1,M0,6.0,212.0,0.2875,IIB
TCGA-78-7149-01,71.0,Male,STAGE IIIB,T4,N0,M0,21.0,137.0,0.2501,IIIB
TCGA-78-7150-01,59.0,Male,STAGE IIB,T2,N1,M0,15.0,363.0,0.4589,IIB
TCGA-78-7152-01,65.0,Male,STAGE IB,T2,N0,M0,6.0,177.0,0.1601,IB
TCGA-78-7153-01,65.0,Female,STAGE IB,T2,N0,M0,16.0,115.0,0.2107,IB
TCGA-78-7154-01,72.0,Male,STAGE IIIA,T3,N2,M0,22.0,210.0,0.3566,IIIA
TCGA-78-7155-01,68.0,Male,STAGE IB,T2,N0,M0,18.0,1403.0,0.4353,IB
TCGA-78-7156-01,62.0,Male,STAGE IV,T4,N1,M1,4.0,309.0,0.1115,IV
TCGA-78-7158-01,59.0,Female,STAGE IIIB,T4,N2,M0,4.0,249.0,0.1432,IIIB
TCGA-78-7159-01,60.0,Female,STAGE IA,T1,NX,M0,22.0,304.0,0.244,IA
TCGA-78-7160-01,61.0,Male,STAGE IV,T4,N2,M1,16.0,49.0,0.0345,IV
TCGA-78-7161-01,69.0,Female,STAGE IIB,T3,N0,M0,9.0,175.0,0.4864,IIB
TCGA-78-7162-01,75.0,Male,STAGE IA,T1,N0,M0,5.0,73.0,0.0574,IA
TCGA-78-7163-01,60.0,Male,STAGE IB,T2,N0,M0,27.0,49.0,0.3872,IB
TCGA-78-7166-01,84.0,Male,STAGE IIB,T2,N1,M0,3.0,194.0,0.0935,IIB
TCGA-78-7167-01,77.0,Male,STAGE IV,T2,N0,M1,17.0,103.0,0.4895,IV
TCGA-78-7220-01,53.0,Female,STAGE IIIA,T2,N2,M0,28.0,740.0,0.5333,IIIA
TCGA-78-7535-01,45.0,Male,STAGE IB,T2,N0,M0,30.0,146.0,0.7843,IB
TCGA-78-7536-01,69.0,Male,STAGE IIIA,T2,N2,M0,16.0,595.0,0.7212,IIIA
TCGA-78-7537-01,72.0,Male,STAGE IB,T2,N0,M0,2.0,133.0,0.1285,IB
TCGA-78-7539-01,75.0,Female,STAGE IIA,T2B,N0,M0,13.0,430.0,0.3206,IIA
TCGA-78-7540-01,66.0,Female,STAGE IB,T2,N0,M0,6.0,227.0,0.1948,IB
TCGA-78-7542-01,56.0,Male,STAGE IB,T2,N0,M0,28.0,326.0,0.4019,IB
TCGA-78-7633-01,67.0,Male,STAGE IB,T2,N0,M0,9.0,145.0,0.3107,IB
TCGA-78-8640-01,59.0,Male,STAGE IIA,T1,N1,M0,15.0,648.0,0.1728,IIA
TCGA-78-8648-01,58.0,Female,STAGE IIB,T3,N0,M0,,15.0,0.0,IIB
TCGA-78-8655-01,77.0,Female,STAGE IA,T1,N0,M0,10.0,97.0,0.2619,IA
TCGA-78-8660-01,69.0,Male,STAGE IIB,T2,N1,M0,8.0,221.0,0.0071,IIB
TCGA-78-8662-01,53.0,Female,STAGE IB,T2,N0,M0,19.0,1014.0,0.7394,IB
TCGA-80-5607-01,,Female,STAGE IIB,T2,N1,M0,3.0,112.0,0.099,IIB
TCGA-80-5608-01,,Female,STAGE IA,T1,N0,M0,15.0,341.0,0.4499,IA
TCGA-80-5611-01,,Male,STAGE IB,T2,N0,M0,14.0,190.0,0.5728,IB
TCGA-83-5908-01,59.0,Female,STAGE IA,T1,N0,M0,15.0,214.0,0.0276,IA
TCGA-86-6562-01,52.0,Male,STAGE IIA,T2A,N1,M0,17.0,52.0,0.3789,IIA
TCGA-86-6851-01,73.0,Female,STAGE IIA,T1B,N1,M0,18.0,836.0,0.1787,IIA
TCGA-86-7701-01,66.0,Male,STAGE IV,T2,N0,M1,19.0,376.0,0.1685,IV
TCGA-86-7711-01,70.0,Male,STAGE IIA,T2A,N1,M0,16.0,208.0,0.4361,IIA
TCGA-86-7713-01,70.0,Male,STAGE IIA,T2B,N0,M0,14.0,150.0,0.3677,IIA
TCGA-86-7714-01,61.0,Female,STAGE IIIA,T1B,N2,M0,3.0,67.0,0.0639,IIIA
TCGA-86-7953-01,69.0,Female,STAGE IA,T1B,N0,M0,24.0,49.0,0.3506,IA
TCGA-86-7954-01,68.0,Female,STAGE IB,T2,N0,M0,27.0,186.0,0.2595,IB
TCGA-86-7955-01,62.0,Male,STAGE IB,T2A,N0,M0,22.0,276.0,0.6063,IB
TCGA-86-8054-01,61.0,Male,STAGE IIB,T2B,N1,M0,19.0,199.0,0.6,IIB
TCGA-86-8055-01,79.0,Male,STAGE IIA,T2A,N1,M0,20.0,41.0,0.1831,IIA
TCGA-86-8056-01,63.0,Female,STAGE IIIA,T4,N0,M0,3.0,257.0,0.1241,IIIA
TCGA-86-8073-01,58.0,Male,STAGE IB,T2A,N0,M0,9.0,1334.0,0.2307,IB
TCGA-86-8074-01,62.0,Female,STAGE IIA,T1B,N1,M0,18.0,63.0,0.4639,IIA
TCGA-86-8075-01,66.0,Female,STAGE IB,T2,N0,M0,27.0,50.0,0.2397,IB
TCGA-86-8076-01,42.0,Male,STAGE IA,T1,N0,M0,1.0,64.0,0.0339,IA
TCGA-86-8278-01,63.0,Female,STAGE IIB,T2,N1,M0,8.0,91.0,0.2129,IIB
TCGA-86-8279-01,46.0,Male,STAGE IIA,T2A,N1,M0,28.0,455.0,0.5986,IIA
TCGA-86-8280-01,54.0,Female,STAGE IIA,T2B,N0,M0,23.0,43.0,0.2915,IIA
TCGA-86-8281-01,75.0,Male,STAGE IA,T1,NX,M0,3.0,226.0,0.1486,IA
TCGA-86-8358-01,44.0,Male,STAGE IB,T2A,N0,M0,21.0,951.0,0.5293,IB
TCGA-86-8359-01,52.0,Male,STAGE IIIA,T3,N2,M0,16.0,143.0,0.3875,IIIA
TCGA-86-8585-01,57.0,Male,STAGE IB,T2A,N0,M0,21.0,531.0,0.082,IB
TCGA-86-8668-01,61.0,Female,STAGE IA,T1B,N0,M0,10.0,33.0,0.189,IA
TCGA-86-8669-01,64.0,Male,STAGE IA,T1B,N0,M0,20.0,118.0,0.2898,IA
TCGA-86-8671-01,72.0,Female,STAGE IIB,T2B,N1,M0,0.0,34.0,0.0023,IIB
TCGA-86-8672-01,59.0,Male,STAGE IIB,T3,N0,M0,21.0,262.0,0.0475,IIB
TCGA-86-8673-01,61.0,Male,STAGE IB,T2,N0,M0,30.0,437.0,0.2147,IB
TCGA-86-8674-01,50.0,Male,STAGE IIA,T2A,N1,M0,5.0,270.0,0.1477,IIA
TCGA-86-A456-01,78.0,Female,STAGE IA,T1A,N0,M0,8.0,327.0,0.03,IA
TCGA-86-A4D0-01,48.0,Male,STAGE IIA,T2B,N0,M0,10.0,,0.3059,IIA
TCGA-86-A4JF-01,56.0,Male,STAGE IIB,T3,N0,M0,18.0,1226.0,0.1097,IIB
TCGA-86-A4P7-01,63.0,Female,STAGE IB,T2A,N0,M0,6.0,66.0,0.0145,IB
TCGA-86-A4P8-01,59.0,Female,STAGE IIIA,T1B,N2,MX,0.0,,0.0001,IIIA
TCGA-91-6828-01,70.0,Male,STAGE IA,T1A,N0,M0,30.0,276.0,0.2487,IA
TCGA-91-6829-01,78.0,Male,STAGE IB,T2,N0,MX,17.0,588.0,0.402,IB
TCGA-91-6830-01,65.0,Female,STAGE IIA,T1,N1,MX,11.0,243.0,0.0451,IIA
TCGA-91-6831-01,66.0,Male,STAGE IB,T2,N0,MX,16.0,257.0,0.459,IB
TCGA-91-6835-01,81.0,Female,STAGE IA,T1,N0,M0,13.0,78.0,0.0486,IA
TCGA-91-6836-01,52.0,Female,STAGE IB,T2,N0,MX,20.0,457.0,0.5486,IB
TCGA-91-6840-01,59.0,Female,STAGE IA,T1B,N0,M0,21.0,128.0,0.6193,IA
TCGA-91-6847-01,62.0,Female,STAGE IB,T2,N0,MX,25.0,67.0,0.5998,IB
TCGA-91-6848-01,59.0,Male,STAGE IIIA,T2,N2,MX,15.0,561.0,0.2565,IIIA
TCGA-91-6849-01,75.0,Female,STAGE IIIA,T2,N2,MX,4.0,108.0,0.1555,IIIA
TCGA-91-7771-01,62.0,Male,STAGE IIB,T3,N0,MX,20.0,185.0,0.2558,IIB
TCGA-91-8496-01,63.0,Female,STAGE IB,T2A,NX,MX,4.0,31.0,0.2102,IB
TCGA-91-8497-01,75.0,Female,STAGE IA,T1A,N0,MX,1.0,39.0,0.0872,IA
TCGA-91-8499-01,76.0,Female,STAGE IA,T1B,N0,MX,16.0,284.0,0.6447,IA
TCGA-91-A4BC-01,59.0,Male,STAGE IIA,T2B,N0,MX,24.0,401.0,0.0734,IIA
TCGA-91-A4BD-01,78.0,Male,STAGE IIA,T1B,N1,MX,6.0,17.0,0.137,IIA
TCGA-93-7347-01,76.0,Female,STAGE IA,T1A,N0,MX,6.0,107.0,0.016,IA
TCGA-93-7348-01,75.0,Female,STAGE IA,T1A,N0,MX,12.0,103.0,0.0547,IA
TCGA-93-8067-01,77.0,Male,STAGE IB,T2A,N0,MX,19.0,450.0,0.3251,IB
TCGA-93-A4JN-01,71.0,Male,STAGE IV,T2A,N0,M1A,25.0,73.0,0.2203,IV
TCGA-93-A4JO-01,70.0,Male,STAGE IA,T1A,N0,MX,16.0,53.0,0.0324,IA
TCGA-93-A4JP-01,64.0,Male,STAGE IV,TX,NX,M1B,10.0,54.0,0.0381,IV
TCGA-93-A4JQ-01,49.0,Male,STAGE IA,T1B,N0,MX,21.0,104.0,0.0418,IA
TCGA-95-7039-01,54.0,Female,STAGE IIB,T3,N0,MX,19.0,1207.0,0.4482,IIB
TCGA-95-7043-01,63.0,Female,STAGE IA,T1A,N0,MX,15.0,1022.0,0.5315,IA
TCGA-95-7562-01,71.0,Male,STAGE IIA,T2A,N1,M0,27.0,391.0,0.4101,IIA
TCGA-95-7567-01,61.0,Male,STAGE IIB,T2B,N1,M0,15.0,846.0,0.3249,IIB
TCGA-95-7944-01,71.0,Male,STAGE IA,T1A,N0,M0,13.0,208.0,0.0624,IA
TCGA-95-7947-01,67.0,Male,STAGE IA,T1A,N0,M0,11.0,476.0,0.4074,IA
TCGA-95-7948-01,42.0,Female,STAGE IB,T2A,N0,M0,17.0,141.0,0.3733,IB
TCGA-95-8039-01,72.0,Male,STAGE IA,T1,N0,MX,9.0,87.0,0.1139,IA
TCGA-95-8494-01,67.0,Male,STAGE IIA,T2A,N1,M0,21.0,90.0,0.4034,IIA
TCGA-95-A4VK-01,74.0,Female,STAGE IIIA,T2B,N2,M0,7.0,223.0,0.1907,IIIA
TCGA-95-A4VN-01,62.0,Female,STAGE IIA,T2A,N1,M0,27.0,422.0,0.1669,IIA
TCGA-95-A4VP-01,66.0,Female,STAGE IIIA,T2B,N2,M0,21.0,114.0,0.143,IIIA
TCGA-97-7546-01,76.0,Female,STAGE IA,T1,N0,MX,6.0,253.0,0.0936,IA
TCGA-97-7547-01,67.0,Female,STAGE IB,T2,N0,MX,17.0,158.0,0.348,IB
TCGA-97-7552-01,70.0,Male,STAGE IB,T2,N0,MX,3.0,35.0,0.0037,IB
TCGA-97-7553-01,58.0,Female,STAGE IA,T1,N0,MX,15.0,42.0,0.0369,IA
TCGA-97-7554-01,83.0,Female,STAGE IIIA,T2A,N2,M0,27.0,415.0,0.3163,IIIA
TCGA-97-7937-01,65.0,Male,STAGE IB,T2A,N0,MX,26.0,445.0,0.4496,IB
TCGA-97-7938-01,76.0,Female,STAGE IA,T1A,N0,MX,7.0,363.0,0.2176,IA
TCGA-97-7941-01,72.0,Female,STAGE IA,T1B,N0,MX,2.0,87.0,0.0268,IA
TCGA-97-8171-01,81.0,Male,STAGE IV,T2A,N2,M1A,6.0,54.0,0.2181,IV
TCGA-97-8172-01,75.0,Female,STAGE IB,T2A,N0,M0,13.0,247.0,0.1214,IB
TCGA-97-8174-01,67.0,Male,STAGE IIA,T2B,N0,M0,20.0,158.0,0.2982,IIA
TCGA-97-8175-01,55.0,Female,STAGE IB,T2A,N0,M0,8.0,28.0,0.1336,IB
TCGA-97-8176-01,63.0,Male,STAGE IIIA,T3,N1,M0,8.0,137.0,0.1748,IIIA
TCGA-97-8177-01,59.0,Female,STAGE IB,T2A,N0,M0,19.0,32.0,0.1677,IB
TCGA-97-8179-01,72.0,Male,STAGE IA,T1A,N0,M0,30.0,151.0,0.4389,IA
TCGA-97-8547-01,78.0,Female,STAGE IIIA,T2A,N2,MX,10.0,54.0,0.3273,IIIA
TCGA-97-8552-01,55.0,Female,STAGE I,T1A,N0,MX,21.0,22.0,0.3121,I
TCGA-97-A4LX-01,81.0,Male,STAGE IB,T2A,N0,M0,14.0,150.0,0.0346,IB
TCGA-97-A4M0-01,60.0,Female,STAGE IB,T2A,N0,M0,16.0,344.0,0.2992,IB
TCGA-97-A4M1-01,52.0,Female,STAGE IA,T1A,N0,M0,20.0,39.0,0.2459,IA
TCGA-97-A4M2-01,66.0,Male,STAGE IA,T1A,N0,M0,1.0,26.0,0.0002,IA
TCGA-97-A4M3-01,69.0,Female,STAGE IA,T1B,N0,M0,5.0,193.0,0.237,IA
TCGA-97-A4M5-01,83.0,Male,STAGE IA,T1B,N0,M0,6.0,144.0,0.0418,IA
TCGA-97-A4M6-01,45.0,Female,STAGE IA,T1A,N0,M0,9.0,29.0,0.3427,IA
TCGA-97-A4M7-01,74.0,Male,STAGE IA,T1B,N0,M0,9.0,278.0,0.2386,IA
TCGA-99-7458-01,74.0,Female,STAGE IIIA,T4,N0,M0,13.0,437.0,0.0061,IIIA
TCGA-99-8025-01,72.0,Female,STAGE IIIA,T3,N2,M0,20.0,436.0,0.5108,IIIA
TCGA-99-8028-01,50.0,Female,STAGE IA,T1A,N0,M0,3.0,394.0,0.0181,IA
TCGA-99-8032-01,61.0,Male,STAGE IA,T1A,N0,M0,18.0,370.0,0.1856,IA
TCGA-99-8033-01,74.0,Female,STAGE IV,TX,NX,M1,21.0,168.0,0.093,IV
TCGA-99-AA5R-01,70.0,Female,STAGE IA,T1A,N0,M0,0.0,53.0,0.0007,IA
TCGA-J2-8192-01,65.0,Female,STAGE IIA,T2A,N1,MX,16.0,67.0,0.0667,IIA
TCGA-J2-8194-01,69.0,Female,STAGE IIB,T3,N0,MX,15.0,138.0,0.274,IIB
TCGA-J2-A4AD-01,61.0,Female,STAGE IA,T1A,N0,MX,8.0,292.0,0.3196,IA
TCGA-J2-A4AE-01,77.0,Female,STAGE IA,T1A,N0,MX,7.0,41.0,0.1859,IA
TCGA-J2-A4AG-01,66.0,Female,STAGE IA,T1B,N0,MX,4.0,82.0,0.0236,IA
TCGA-L4-A4E5-01,48.0,Female,STAGE I,T1,N0,M0,17.0,297.0,0.5246,I
TCGA-L4-A4E6-01,67.0,Male,STAGE IA,T1,N0,M0,,10.0,0.0,IA
TCGA-L9-A443-01,63.0,Female,STAGE IA,T1A,N0,MX,22.0,233.0,0.3508,IA
TCGA-L9-A444-01,60.0,Female,STAGE IA,T1A,N0,MX,30.0,493.0,0.3499,IA
TCGA-L9-A50W-01,75.0,Male,STAGE IIA,T1B,N1,MX,10.0,31.0,0.2589,IIA
TCGA-L9-A5IP-01,40.0,Female,STAGE IV,T3,N2,M1B,26.0,259.0,0.2286,IV
TCGA-L9-A743-01,56.0,Male,STAGE IIA,T2A,N1,M0,16.0,117.0,0.0135,IIA
TCGA-L9-A7SV-01,69.0,Male,STAGE IIA,T2A,N1,M0,19.0,1390.0,0.6218,IIA
TCGA-L9-A8F4-01,64.0,Female,STAGE IB,T2A,N0,MX,23.0,691.0,0.1304,IB
TCGA-MN-A4N1-01,60.0,Male,STAGE IIA,T2A,N1,M0,23.0,406.0,0.4939,IIA
TCGA-MN-A4N4-01,57.0,Male,STAGE IA,T1B,N0,M0,19.0,1340.0,0.3552,IA
TCGA-MN-A4N5-01,63.0,Male,STAGE IA,T1A,N0,M0,19.0,401.0,0.4335,IA
TCGA-MP-A4SV-01,67.0,Male,STAGE IB,T2,N0,M0,21.0,298.0,0.1932,IB
TCGA-MP-A4SW-01,53.0,Male,STAGE IIB,T2,N1,M0,7.0,60.0,0.2806,IIB
TCGA-MP-A4SY-01,61.0,Male,STAGE IIB,T2,N1,M0,9.0,158.0,0.0944,IIB
TCGA-MP-A4T2-01,71.0,Male,STAGE IA,T1,N0,M0,19.0,73.0,0.3007,IA
TCGA-MP-A4T4-01,68.0,Female,STAGE IIB,T2,N1,M0,,353.0,0.0677,IIB
TCGA-MP-A4T6-01,76.0,Female,STAGE IIIA,T1,N2,MX,,58.0,0.7107,IIIA
TCGA-MP-A4T7-01,75.0,Female,STAGE IV,T2,N0,M1,19.0,125.0,0.2738,IV
TCGA-MP-A4T8-01,68.0,Male,STAGE IIIA,T2,N2,M0,13.0,108.0,0.3599,IIIA
TCGA-MP-A4T9-01,54.0,Female,STAGE IIIA,T2,N2,MX,10.0,31.0,0.0198,IIIA
TCGA-MP-A4TA-01,75.0,Female,STAGE IA,T1,N0,M0,11.0,315.0,0.0176,IA
TCGA-MP-A4TC-01,77.0,Male,STAGE IIIA,T1,N2,M0,12.0,227.0,0.1356,IIIA
TCGA-MP-A4TD-01,71.0,Male,STAGE IIIA,T2,N2,M0,,70.0,0.2191,IIIA
TCGA-MP-A4TE-01,56.0,Male,STAGE IIA,T2B,N0,MX,18.0,124.0,0.4476,IIA
TCGA-MP-A4TF-01,58.0,Female,STAGE IIA,T2B,N0,M0,28.0,375.0,0.4141,IIA
TCGA-MP-A4TH-01,70.0,Female,STAGE IA,T1A,N0,M0,6.0,108.0,0.1862,IA
TCGA-MP-A4TI-01,72.0,Male,STAGE IIA,T2A,N1,M0,8.0,205.0,0.0114,IIA
TCGA-MP-A4TJ-01,62.0,Female,STAGE IA,T1,N0,M0,,84.0,0.0474,IA
TCGA-MP-A4TK-01,56.0,Female,STAGE IIB,T2,N1,MX,18.0,314.0,0.1971,IIB
TCGA-MP-A5C7-01,76.0,Female,STAGE IB,T2,N0,M0,6.0,58.0,0.2166,IB
TCGA-NJ-A4YF-01,50.0,Female,STAGE IA,T1,N0,M0,18.0,546.0,0.6545,IA
TCGA-NJ-A4YG-01,65.0,Male,STAGE IB,T2,N0,M0,8.0,132.0,0.1185,IB
TCGA-NJ-A4YI-01,87.0,Female,STAGE IIIA,T2,N2,M0,18.0,394.0,0.2579,IIIA
TCGA-NJ-A4YP-01,52.0,Male,STAGE IB,T2A,N0,M0,8.0,465.0,0.1272,IB
TCGA-NJ-A4YQ-01,69.0,Female,STAGE IA,T1B,N0,M0,15.0,995.0,0.1044,IA
TCGA-NJ-A55A-01,76.0,Female,STAGE IB,T2,N0,M0,1.0,100.0,0.0004,IB
TCGA-NJ-A55O-01,56.0,Female,STAGE IIA,T1B,N1,M0,,124.0,0.0194,IIA
TCGA-NJ-A55R-01,67.0,Male,STAGE IA,T1B,N0,MX,21.0,232.0,0.076,IA
TCGA-NJ-A7XG-01,49.0,Male,STAGE IIIA,T4,N1,M0,16.0,27.0,0.4205,IIIA
TCGA-O1-A52J-01,74.0,Female,STAGE IA,T1,N0,MX,29.0,153.0,0.5443,IA
TCGA-S2-AA1A-01,68.0,Female,STAGE IA,T1B,N0,M0,16.0,102.0,0.0598,IA
